{
  "quiz": {
    "title": "Mein neues Quiz",
    "description": "Beschreibung des Quiz mit {questionCount} Fragen aus dem Fragenkatalog.",
    "language": "de", 
    "version": "1.0",
    "metadata": {
      "createdAt": "2025-09-25T10:00:00Z",
      "notes": "Notizen zum Quiz"
    },
    "sourceDocument": {
      "title": "Quellen-Dokument",
      "version": "1.0",
      "year": 2025,
      "pdfFilename": "quelldokument.pdf"
    },
    "settings": {
      "shuffleQuestions": true,
      "shuffleOptions": true, 
      "showExplanations": true,
      "timePerQuestionSec": 60
    },
    "questions": [
      {
        "id": "q1",
        "text": "Beispiel-Frage: Was ist die richtige Antwort?",
        "options": [
          "Falsche Antwort 1",
          "Richtige Antwort",
          "Falsche Antwort 2", 
          "Falsche Antwort 3"
        ],
        "correctIndex": 1,
        "explanation": "Erklärung warum die Antwort richtig ist und was die anderen Optionen bedeuten.",
        "source": {
          "citation": "Quellenangabe",
          "pages": "S. 15-20",
          "chapter": "Kapitel 3"
        },
        "tags": ["Tag1", "Tag2"],
        "difficulty": "leicht"
      },
      {
        "id": "q2",
        "text": "Weitere Beispiel-Frage mit mehreren Antwortmöglichkeiten?",
        "options": [
          "Option A",
          "Option B", 
          "Option C",
          "Option D"
        ],
        "correctIndex": 2,
        "explanation": "Ausführliche Erklärung der korrekten Antwort.",
        "source": "Einfache Quellenangabe als String",
        "tags": ["Kategorie", "Schwierigkeit"],
        "difficulty": "mittel"
      }
    ]
  }
}